<keymap version="1" name="Windows copy" parent="$default">
  <action id="ContextHelp" />
  <action id="FileChooser.NewFile">
    <keyboard-shortcut first-keystroke="shift space" />
  </action>
  <action id="NewElementSamePlace">
    <keyboard-shortcut first-keystroke="ctrl alt insert" />
    <keyboard-shortcut first-keystroke="alt n" />
  </action>
  <action id="PopupMenu-return">
    <keyboard-shortcut first-keystroke="enter" />
    <keyboard-shortcut first-keystroke="alt o" />
  </action>
  <action id="PopupMenu-selectChild">
    <keyboard-shortcut first-keystroke="right" />
    <keyboard-shortcut first-keystroke="alt l" />
  </action>
  <action id="PopupMenu-selectNext">
    <keyboard-shortcut first-keystroke="down" />
    <keyboard-shortcut first-keystroke="alt j" />
  </action>
  <action id="PopupMenu-selectParent">
    <keyboard-shortcut first-keystroke="left" />
    <keyboard-shortcut first-keystroke="alt h" />
  </action>
  <action id="PopupMenu-selectPrevious">
    <keyboard-shortcut first-keystroke="up" />
    <keyboard-shortcut first-keystroke="alt k" />
  </action>
  <action id="Tree-selectFirst">
    <keyboard-shortcut first-keystroke="ctrl home" />
    <keyboard-shortcut first-keystroke="alt g" second-keystroke="g" />
  </action>
  <action id="Tree-selectNext">
    <keyboard-shortcut first-keystroke="down" />
    <keyboard-shortcut first-keystroke="alt j" />
  </action>
  <action id="Tree-selectParent">
    <keyboard-shortcut first-keystroke="left" />
    <keyboard-shortcut first-keystroke="alt p" />
  </action>
  <action id="Tree-selectPrevious">
    <keyboard-shortcut first-keystroke="up" />
    <keyboard-shortcut first-keystroke="alt k" />
  </action>
  <action id="UpdateRunningApplication" />
  <action id="android.deploy.ApplyChanges">
    <keyboard-shortcut first-keystroke="ctrl f10" />
  </action>
  <action id="android.deploy.CodeSwap">
    <keyboard-shortcut first-keystroke="ctrl alt f10" />
  </action>
  <action id="copilot.applyInlays" />
</keymap>